categoryName,tagsName,petName
Buick,LeSabre,Simic
Mercedes-Benz,C-Class,Philippart
Maserati,Quattroporte,Beacon
Buick,LeSabre,Adiscot
Honda,Passport,Nolan
Ford,Courier,Adan
Infiniti,QX56,Mazey
Lincoln,Continental,Burkett
Honda,Element,Grumley
Mercury,Milan,Freeberne
Lexus,LS,Blasgen
Audi,S5,Wyrill
Fiat,Nuova 500,Eliasson
Ford,LTD,Yewdale
Mercury,Grand Marquis,Cuseick
Nissan,Pathfinder,Shirtcliffe
Chevrolet,Malibu,Fifield
Saturn,Aura,Lattin
Kia,Sorento,Hepher
Volkswagen,New Beetle,Napolione
Ford,Ranger,D'Agostino
Toyota,Tundra,Delooze
Subaru,Impreza,Tonks
Ford,Fusion,Vanstone
Pontiac,GTO,Sirr
Chrysler,LHS,Darlaston
Chevrolet,Monte Carlo,Comolli
Ford,Escape,Kunes
Chevrolet,Cavalier,Culp
Mitsubishi,Truck,Furzey
BMW,745,Giacobo
Audi,Allroad,Quantrill
Ford,Ranger,Edgington
Mazda,Mazda3,Dayly
Dodge,Neon,Goney
Pontiac,Montana,Malling
Chrysler,LHS,Fitzroy
Bentley,Azure,Insull
Jeep,Wrangler,Ezzell
Pontiac,Bonneville,Sammons
Volkswagen,rio,Blezard
GMC,1500 Club Coupe,Main
Chevrolet,2500,Linning
Ford,Festiva,Rylance
Nissan,Frontier,Swanton
GMC,2500 Club Coupe,Petersen
Hyundai,Tiburon,MacGorrie
Mercedes-Benz,CL-Class,Brinson
Mercedes-Benz,R-Class,Bleue
Fairthorpe,Rockette,McMeyler
Lexus,RX,Blench
Mitsubishi,Expo,Alves
Ford,Explorer,Tricker
Lincoln,Continental,Marti
Plymouth,Breeze,Bonson
Hummer,H3,Poundsford
Dodge,Ram Van 3500,Surgener
Subaru,Legacy,Erswell
Acura,RL,Winson
Porsche,Boxster,Clarson
Cadillac,DeVille,Sidnall
Ford,F150,Ewer
GMC,Acadia,Mosley
Mercedes-Benz,SLK-Class,Tregunnah
Acura,MDX,Pelos
Isuzu,Hombre Space,Swain
Ford,Fusion,Trott
Acura,Vigor,Leghorn
Mercedes-Benz,C-Class,Andersen
Mitsubishi,Pajero,Shearstone
Mercedes-Benz,CLK-Class,Grumbridge
Buick,Coachbuilder,Hamshaw
Honda,Accord,Haly
Volkswagen,New Beetle,Poultney
Dodge,Intrepid,Portinari
Isuzu,Oasis,Body
Infiniti,G35,Nodes
Ford,Thunderbird,Franca
Bentley,Continental GTC,Tacon
Suzuki,Samurai,Ardron
Mercury,Grand Marquis,Tunstall
Dodge,Magnum,Haughin
Porsche,Cayenne,Battyll
Ford,GT500,Witson
Ford,Fairlane,Wixey
Mercedes-Benz,E-Class,Beakes
GMC,Suburban 2500,Wylam
Mercury,Sable,Southern
Acura,RSX,Du Hamel
Honda,Accord,Scamal
Chevrolet,Silverado 1500,Quillinane
Mazda,RX-8,Fillary
Audi,S6,Hanigan
Toyota,Land Cruiser,Szymonwicz
Honda,Accord,Boyat
Mazda,Protege,Tollerton
BMW,5 Series,Stayte
Volkswagen,Golf,Brannon
Ford,F350,Jerdein
Dodge,Ram 3500,Sneath